{"cutoff":{"0":0.00000001,"1":0.0000000234,"2":0.0000000546,"3":0.0000001274,"4":0.0000002976,"5":0.0000006952,"6":0.0000016238,"7":0.0000037927,"8":0.0000088587,"9":0.0000206914,"10":0.0000483293,"11":0.0001128838,"12":0.0002636651,"13":0.0006158482,"14":0.0014384499,"15":0.0033598183,"16":0.0078475997,"17":0.0183298071,"18":0.042813324,"19":0.05,"20":0.075,"21":0.1,"22":0.2,"23":0.3,"24":0.4,"25":0.5,"26":0.6,"27":0.7,"28":0.8,"29":0.9,"30":1.0},"dEdp":{"0":1.0043615103,"1":1.0043615103,"2":1.0043615103,"3":1.0043615103,"4":1.0043615103,"5":1.0043615103,"6":1.0043615103,"7":1.0043615103,"8":1.0043615103,"9":1.0043615103,"10":1.0043615103,"11":1.0043615103,"12":1.0043615103,"13":1.0043615103,"14":1.0043615103,"15":1.0043615103,"16":1.0043615103,"17":1.0043613911,"18":1.0043613911,"19":1.0043619871,"20":1.0043623447,"21":1.0043634176,"22":1.0043495893,"23":1.0043513775,"24":1.0040712357,"25":1.0037494898,"26":1.0034096241,"27":1.0030077696,"28":1.0024843216,"29":1.0017230511,"30":1.0006326437},"err":{"0":0.0020456151,"1":0.0020456151,"2":0.0020456151,"3":0.0020456151,"4":0.0020456151,"5":0.0020456151,"6":0.0020456151,"7":0.0020456151,"8":0.0020456151,"9":0.0020456151,"10":0.0020456151,"11":0.0020456151,"12":0.0020456151,"13":0.0020456151,"14":0.0020456151,"15":0.0020456151,"16":0.0020456142,"17":0.0020456219,"18":0.0020456589,"19":0.0020456479,"20":0.0020456396,"21":0.0020457518,"22":0.0020458051,"23":0.0020495856,"24":0.0020542585,"25":0.0020612427,"26":0.0020732991,"27":0.0020891244,"28":0.0021084305,"29":0.0021355359,"30":0.0021754343}}