{"cutoff":{"0":0.00000001,"1":0.0000000234,"2":0.0000000546,"3":0.0000001274,"4":0.0000002976,"5":0.0000006952,"6":0.0000016238,"7":0.0000037927,"8":0.0000088587,"9":0.0000206914,"10":0.0000483293,"11":0.0001128838,"12":0.0002636651,"13":0.0006158482,"14":0.0014384499,"15":0.0033598183,"16":0.0078475997,"17":0.0183298071,"18":0.042813324,"19":0.05,"20":0.075,"21":0.1},"dEdp":{"0":0.1967970729,"1":0.1967970729,"2":0.1967970729,"3":0.1967970729,"4":0.1967970729,"5":0.1967970729,"6":0.1967970729,"7":0.1967970729,"8":0.1967970729,"9":0.1967970729,"10":0.1967970729,"11":0.1967970729,"12":0.1967970729,"13":0.1967970729,"14":0.1967970729,"15":0.1968247145,"16":0.1967864335,"17":0.1967748255,"18":0.1967760324,"19":0.1967411339,"20":0.1966076493,"21":0.1965767741},"err":{"0":0.0005857527,"1":0.0005857527,"2":0.0005857527,"3":0.0005857527,"4":0.0005857527,"5":0.0005857527,"6":0.0005857527,"7":0.0005857527,"8":0.0005857527,"9":0.0005857527,"10":0.0005857527,"11":0.0005857527,"12":0.0005857527,"13":0.0005857527,"14":0.0005857527,"15":0.000588567,"16":0.0005855593,"17":0.0005889707,"18":0.0006193074,"19":0.0006123921,"20":0.0005855034,"21":0.0005673241}}