{"cutoff":{"0":0.00000001,"1":0.0000000234,"2":0.0000000546,"3":0.0000001274,"4":0.0000002976,"5":0.0000006952,"6":0.0000016238,"7":0.0000037927,"8":0.0000088587,"9":0.0000206914,"10":0.0000483293,"11":0.0001128838,"12":0.0002636651,"13":0.0006158482,"14":0.0014384499,"15":0.0033598183,"16":0.0078475997,"17":0.0183298071,"18":0.042813324,"19":0.05,"20":0.075,"21":0.1,"22":0.2,"23":0.3,"24":0.4,"25":0.5,"26":0.6,"27":0.7,"28":0.8,"29":0.9,"30":1.0},"dEdp":{"0":0.3472900391,"1":0.3472900391,"2":0.3472900391,"3":0.3472900391,"4":0.3472900391,"5":0.3472900391,"6":0.3472900391,"7":0.3472900391,"8":0.3472900391,"9":0.3472900391,"10":0.3472900391,"11":0.3472900391,"12":0.3472900391,"13":0.3472900391,"14":0.3472900391,"15":0.3472900391,"16":0.3472900391,"17":0.3472900689,"18":0.3472893834,"19":0.3472892046,"20":0.3472896218,"21":0.3472926319,"22":0.3473018706,"23":0.3473615348,"24":0.347148627,"25":0.3469097614,"26":0.3466839194,"27":0.3464490473,"28":0.3461514711,"29":0.3457462788,"30":0.3452177048},"err":{"0":0.0001747384,"1":0.0001747384,"2":0.0001747384,"3":0.0001747384,"4":0.0001747384,"5":0.0001747384,"6":0.0001747384,"7":0.0001747384,"8":0.0001747384,"9":0.0001747384,"10":0.0001747384,"11":0.0001747384,"12":0.0001747384,"13":0.0001747384,"14":0.0001747384,"15":0.0001747384,"16":0.0001747379,"17":0.0001747437,"18":0.0001746286,"19":0.0001746225,"20":0.0001747117,"21":0.0001751434,"22":0.000173194,"23":0.0001721336,"24":0.0001737933,"25":0.0001777197,"26":0.0001841524,"27":0.0001869548,"28":0.0001916936,"29":0.0001939605,"30":0.0001915496}}