{"cutoff":{"0":0.00000001,"1":0.0000000234,"2":0.0000000546,"3":0.0000001274,"4":0.0000002976,"5":0.0000006952,"6":0.0000016238,"7":0.0000037927,"8":0.0000088587,"9":0.0000206914,"10":0.0000483293,"11":0.0001128838,"12":0.0002636651,"13":0.0006158482,"14":0.0014384499,"15":0.0033598183,"16":0.0078475997,"17":0.0183298071,"18":0.042813324,"19":0.05,"20":0.075,"21":0.1,"22":0.2,"23":0.3,"24":0.4,"25":0.5,"26":0.6,"27":0.7,"28":0.8,"29":0.9,"30":1.0},"dEdp":{"0":1.0043225288,"1":1.0043225288,"2":1.0043225288,"3":1.0043225288,"4":1.0043225288,"5":1.0043225288,"6":1.0043225288,"7":1.0043225288,"8":1.0043225288,"9":1.0043225288,"10":1.0043225288,"11":1.0043225288,"12":1.0043225288,"13":1.0043225288,"14":1.0043225288,"15":1.0043225288,"16":1.0043225288,"17":1.0043224096,"18":1.0043224096,"19":1.0043227673,"20":1.0043232441,"21":1.0043251514,"22":1.0043107271,"23":1.004312396,"24":1.0040329695,"25":1.0037109852,"26":1.0033705235,"27":1.0029678345,"28":1.0024442673,"29":1.0016822815,"30":1.0005909204},"err":{"0":0.0000393788,"1":0.0000393788,"2":0.0000393788,"3":0.0000393788,"4":0.0000393788,"5":0.0000393788,"6":0.0000393788,"7":0.0000393788,"8":0.0000393788,"9":0.0000393788,"10":0.0000393788,"11":0.0000393788,"12":0.0000393788,"13":0.0000393788,"14":0.0000393788,"15":0.0000393788,"16":0.0000393788,"17":0.0000393734,"18":0.0000393743,"19":0.000039356,"20":0.0000394774,"21":0.000040241,"22":0.0000405663,"23":0.0000392458,"24":0.0000393893,"25":0.0000404372,"26":0.0000423209,"27":0.0000441706,"28":0.0000448287,"29":0.0000447089,"30":0.0000438657}}