{"cutoff":{"0":0.00000001,"1":0.0000000234,"2":0.0000000546,"3":0.0000001274,"4":0.0000002976,"5":0.0000006952,"6":0.0000016238,"7":0.0000037927,"8":0.0000088587,"9":0.0000206914,"10":0.0000483293,"11":0.0001128838,"12":0.0002636651,"13":0.0006158482,"14":0.0014384499,"15":0.0033598183,"16":0.0078475997,"17":0.0183298071,"18":0.042813324,"19":0.1,"20":0.05,"21":0.075},"bias":{"0":0.0,"1":0.0000000001,"2":0.0000000001,"3":0.0000000003,"4":0.0000000007,"5":0.0000000017,"6":0.0000000039,"7":0.0000000092,"8":0.0000000215,"9":0.0000000503,"10":0.0000001175,"11":0.000000275,"12":0.0000006492,"13":0.0000016053,"14":0.0000048812,"15":0.0000258243,"16":0.0002442427,"17":0.0029230073,"18":0.0372814347,"19":0.4705008348,"20":0.059582509,"21":0.2021525177},"variance":{"0":934651549.3158153296,"1":400155412.8537905812,"2":171319841.3507139981,"3":73347717.8714292645,"4":31402595.9370213635,"5":13444495.1344964691,"6":5756035.2665260248,"7":2464350.043851268,"8":1055070.2044399378,"9":451710.7090917818,"10":193392.5660135976,"11":82798.2451329534,"12":35449.7536965711,"13":15179.7235562974,"14":6504.7967779709,"15":2798.5901941214,"16":1230.1068508318,"17":601.3349031953,"18":433.0229267699,"19":609.3589179392,"20":438.2925947389,"21":505.8755902834}}