{"cutoff":{"0":0.00000001,"1":0.0000000207,"2":0.0000000428,"3":0.0000000886,"4":0.0000001833,"5":0.0000003793,"6":0.0000007848,"7":0.0000016238,"8":0.0000033598,"9":0.0000069519,"10":0.0000143845,"11":0.0000297635,"12":0.0000615848,"13":0.0001274275,"14":0.0002636651,"15":0.0005455595,"16":0.0011288379,"17":0.0023357215,"18":0.0048329302,"19":0.01},"bias":{"0":-0.0,"1":-0.0,"2":-0.0,"3":-0.0000000001,"4":-0.0000000001,"5":-0.0000000003,"6":-0.0000000006,"7":-0.0000000012,"8":-0.0000000025,"9":-0.0000000052,"10":-0.0000000105,"11":-0.0000000206,"12":-0.0000000321,"13":0.0000000265,"14":0.0000008788,"15":0.0000091175,"16":0.0000835269,"17":0.0007456903,"18":0.0066194672,"19":0.0587338924},"variance":{"0":6223120.5050397543,"1":3007590.5773420408,"2":1453547.6672796125,"3":702489.4256564315,"4":339508.2380199775,"5":164081.9628698851,"6":79299.6689280307,"7":38324.9773332299,"8":18522.1951700146,"9":8951.6498273882,"10":4326.2742703586,"11":2090.867190317,"12":1010.5201829332,"13":488.4159569229,"14":236.1278985653,"15":114.2842439976,"16":55.5748303215,"17":27.5672990532,"18":14.7942723279,"19":10.2425652423}}